{
    "Version": "2012-10-17",
    "Statement": [
        {
            "Sid": "DevOpsIACEKSPolicy",
            "Effect": "Allow",
            "Action": [
                "autoscaling:AttachInstances",
                "autoscaling:CreateAutoScalingGroup",
                "autoscaling:CreateLaunchConfiguration",
                "autoscaling:CreateOrUpdateTags",
                "autoscaling:DeleteAutoScalingGroup",
                "autoscaling:DeleteLaunchConfiguration",
                "autoscaling:DeleteTags",
                "autoscaling:Describe*",
                "autoscaling:DetachInstances",
                "autoscaling:SetDesiredCapacity",
                "autoscaling:UpdateAutoScalingGroup",
                "autoscaling:SuspendProcesses",
                "cloudformation:DescribeStacks",
                "cloudformation:ListStackResources",
                "ec2:AllocateAddress",
                "ec2:AssignPrivateIpAddresses",
                "ec2:Associate*",
                "ec2:AttachInternetGateway",
                "ec2:AttachNetworkInterface",
                "ec2:AttachVolume",
                "ec2:AuthorizeSecurityGroupEgress",
                "ec2:AuthorizeSecurityGroupIngress",
                "ec2:CreateDefaultSubnet",
                "ec2:CreateDhcpOptions",
                "ec2:CreateEgressOnlyInternetGateway",
                "ec2:CreateInternetGateway",
                "ec2:CreateNatGateway",
                "ec2:CreateNetworkInterface",
                "ec2:CreateRoute",
                "ec2:CreateRouteTable",
                "ec2:CreateSecurityGroup",
                "ec2:CreateSubnet",
                "ec2:CreateTags",
                "ec2:CreateVolume",
                "ec2:CreateVpc",
                "ec2:DeleteDhcpOptions",
                "ec2:DeleteEgressOnlyInternetGateway",
                "ec2:DeleteInternetGateway",
                "ec2:DeleteNatGateway",
                "ec2:DeleteNetworkInterface",
                "ec2:DeleteRoute",
                "ec2:DeleteRouteTable",
                "ec2:DeleteSecurityGroup",
                "ec2:DeleteSubnet",
                "ec2:DeleteTags",
                "ec2:DeleteVolume",
                "ec2:DeleteVpc",
                "ec2:DeleteVpnGateway",
                "ec2:Describe*",
                "ec2:DetachInternetGateway",
                "ec2:DetachNetworkInterface",
                "ec2:DetachVolume",
                "ec2:Disassociate*",
                "ec2:ModifySubnetAttribute",
                "ec2:ModifyVpcAttribute",
                "ec2:ModifyVpcEndpoint",
                "ec2:ReleaseAddress",
                "ec2:RevokeSecurityGroupEgress",
                "ec2:RevokeSecurityGroupIngress",
                "ec2:UpdateSecurityGroupRuleDescriptionsEgress",
                "ec2:UpdateSecurityGroupRuleDescriptionsIngress",
                "ec2:CreateLaunchTemplate",
                "ec2:CreateLaunchTemplateVersion",
                "ec2:DeleteLaunchTemplate",
                "ec2:DeleteLaunchTemplateVersions",
                "ec2:DescribeLaunchTemplates",
                "ec2:DescribeLaunchTemplateVersions",
                "ec2:GetLaunchTemplateData",
                "ec2:ModifyLaunchTemplate",
                "ec2:RunInstances",
                "ec2:ImportKeyPair",
                "ec2:DeleteKeyPair",
                "ec2:StartInstances",
                "ec2:StopInstances",
                "ec2:DescribeInstances",
                "ec2:TerminateInstances",
                "ec2:DescribeAccountAttributes",
                "elasticloadbalancing:DescribeLoadBalancers",
                "elasticloadbalancing:DescribeLoadBalancerAttributes",
                "elasticloadbalancing:DescribeTags",
                "elasticloadbalancing:DeleteLoadBalancer",                
                "elasticfilesystem:*",
                "eks:*",
                "ecr:CreateRepository",
                "ecr:DeleteRepository",
                "ecr:GetDownloadUrlForLayer",
                "ecr:BatchGetImage",
                "ecr:BatchCheckLayerAvailability",
                "ecr:PutImage",
                "ecr:InitiateLayerUpload",
                "ecr:UploadLayerPart",
                "ecr:CompleteLayerUpload",
                "ecr:DescribeRepositories",
                "ecr:GetRepositoryPolicy",
                "ecr:ListImages",
                "ecr:BatchDeleteImage",
                "ecr:SetRepositoryPolicy",
                "ecr:DeleteRepositoryPolicy",
                "ecr:GetAuthorizationToken",
                "ecr:ListTagsForResource",
                "iam:AddRoleToInstanceProfile",
                "iam:AttachRolePolicy",
                "iam:CreateAccessKey",
                "iam:CreateInstanceProfile",
                "iam:CreateOpenIDConnectProvider",
                "iam:CreateServiceLinkedRole",
                "iam:CreatePolicy",
                "iam:CreatePolicyVersion",
                "iam:CreateRole",
                "iam:DeleteAccessKey",
                "iam:DeleteInstanceProfile",
                "iam:DeleteOpenIDConnectProvider",
                "iam:DeletePolicy",
                "iam:DeleteRole",
                "iam:DeleteRolePolicy",
                "iam:DeleteServiceLinkedRole",
                "iam:DetachRolePolicy",
                "iam:GetAccessKeyLastUsed",
                "iam:GetInstanceProfile",
                "iam:GetOpenIDConnectProvider",
                "iam:GetPolicy",
                "iam:GetPolicyVersion",
                "iam:GetRole",
                "iam:GetRolePolicy",
                "iam:GetUser",
                "iam:List*",
                "iam:PassRole",
                "iam:PutRolePolicy",
                "iam:RemoveRoleFromInstanceProfile",
                "iam:TagRole",
                "iam:UntagRole",
                "iam:UpdateAssumeRolePolicy",
                "iam:UpdateAccessKey",
                "resource-groups:*",
                "resource-explorer:*",
                "route53:AssociateVPCWithHostedZone",
                "rds:*",
                "tag:GetResources",
                "tag:TagResources",
                "tag:UntagResources",
                "tag:getTagKeys",
                "tag:getTagValues"
            ],
            "Resource": "*"
        }
    ]
}
